"directory","scale","filename"
"2017","reg_dep","TC1_VF.csv"
"2017","reg_dep","TC10_VF.ods"
"2017","reg_dep","TC11_VF.ods"
"2017","reg_dep","TC12_VF.ods"
"2017","reg_dep","TC13_VF.ods"
"2017","reg_dep","TC14_VF.ods"
"2017","reg_dep","TC15_VF.ods"
"2017","reg_dep","TC16_VF2.ods"
"2017","reg_dep","TC18_VF.ods"
"2017","reg_dep","TC19_VF.ods"
"2017","reg_dep","TC2_VF.ods"
"2017","reg_dep","TC20_VF.ods"
"2017","reg_dep","TC21_VF.ods"
"2017","reg_dep","TC22VF.ods"
"2017","reg_dep","TC23_VF.ods"
"2017","reg_dep","TC24_VF.ods"
"2017","reg_dep","TC26_VF.ods"
"2017","reg_dep","TC27_VF.ods"
"2017","reg_dep","TC3_VF.ods"
"2017","reg_dep","TC4_VF.ods"
"2017","reg_dep","TC6_VF.ods"
"2017","reg_dep","TC7_VF.ods"
"2017","reg_dep","TC8_VF.ods"
"2017","reg_dep","TC9_VF.ods"
"2018","reg_dep","TC1.ods"
"2018","reg_dep","TC10.ods"
"2018","reg_dep","TC11.ods"
"2018","reg_dep","TC12.ods"
"2018","reg_dep","TC13.ods"
"2018","reg_dep","TC14.ods"
"2018","reg_dep","TC15.ods"
"2018","reg_dep","TC16.ods"
"2018","reg_dep","TC17.ods"
"2018","reg_dep","TC18.ods"
"2018","reg_dep","TC19.ods"
"2018","reg_dep","TC2.ods"
"2018","reg_dep","TC20.ods"
"2018","reg_dep","TC21.ods"
"2018","reg_dep","TC22.ods"
"2018","reg_dep","TC23.ods"
"2018","reg_dep","TC24.ods"
"2018","reg_dep","TC25.ods"
"2018","reg_dep","TC25bis.ods"
"2018","reg_dep","TC26.ods"
"2018","reg_dep","TC27.ods"
"2018","reg_dep","TC3.ods"
"2018","reg_dep","TC4.ods"
"2017","infra_dep","EPCI1.ods"
"2017","infra_dep","EPCI2.ods"
"2018","infra_dep","EPCI1_OK.xlsx"
"2018","infra_dep","EPCI2_OK.xlsx"
"2018","reg_dep","TC5_VF.ods"
"2018","reg_dep","TC6.ods"
"2018","reg_dep","TC7.ods"
"2018","reg_dep","TC8.ods"
"2018","reg_dep","TC9.ods"
"2017","infra_dep","EPCI1.ods"
"2017","infra_dep","EPCI2.ods"
"2018","infra_dep","EPCI1_OK.xlsx"
"2018","infra_dep","EPCI2_OK.xlsx"
